Date,Open,High,Low,Close,Volume
2022-01-11,-1.52,1.92,-3.35,-1.729455738723738,-0.9708625488966586
2022-01-12,1.32,5.42,-5.0,-1.7249794784603776,0.7004834164689201
2022-01-13,-0.04,1.95,-5.92,-1.7205346291014885,1.4464145552105565
2022-01-14,0.17,4.78,-4.47,-1.715978915209844,1.3854361227890035
2022-01-17,1.73,2.33,-4.06,-1.7115481748638193,1.5511133731419016
2022-01-18,-0.62,0.23,-5.95,-1.7070790107949292,-1.6454604270696858
2022-01-19,-2.53,0.27,-3.87,-1.7024091147154257,0.586196794697708
2022-01-20,-3.91,0.31,-7.77,-1.6978294637926687,1.1514937090962538
2022-01-21,-2.2,0.92,-5.81,-1.6934570146483854,-1.6048081387886506
2022-01-24,-4.3,1.94,-5.49,-1.6889115773210386,1.4912854771811328
2022-01-25,-4.17,-0.14,-6.3,-1.684385178905491,1.414583046462199
2022-01-26,-5.55,-1.21,-9.79,-1.6800185705756938,-1.411518013376936
2022-01-27,-2.2,2.43,-5.92,-1.67556350552204,1.7325146217921814
2022-01-28,-5.49,0.5,-7.45,-1.6711832405785458,0.9677913875244062
2022-01-31,0.66,0.99,-5.12,-1.666932001992139,1.5058589390177304
2022-02-01,1.74,6.61,-3.16,-1.6624801441414137,-0.6824614093934656
2022-02-02,1.71,5.83,-5.47,-1.6580604441099809,1.652360581690895
2022-02-03,-1.35,1.15,-5.48,-1.6536938595376538,0.5344226539624274
2022-02-04,-4.41,1.73,-4.55,-1.6492298227758249,0.089932067946203
2022-02-07,-0.83,1.78,-4.3,-1.6449542961264163,0.7714331648839344
2022-02-08,1.03,3.06,-2.09,-1.640485717567942,1.4778625518053194
2022-02-09,2.85,5.78,-6.47,-1.636019449753853,-0.6291532200438061
2022-02-10,-1.87,1.28,-2.27,-1.6314939469721486,-0.3706660285209975
2022-02-11,-1.93,-1.15,-5.24,-1.6271722146456429,-1.2826579297691263
2022-02-14,-3.51,1.73,-4.85,-1.6225162758518497,0.7200425363022483
2022-02-15,-1.73,0.81,-3.77,-1.6178945936828506,-0.8561924149718517
2022-02-16,-2.28,2.88,-5.22,-1.6134987473089075,0.7932933576388307
2022-02-17,-2.18,1.88,-2.23,-1.6089035029640368,0.013996661534458
2022-02-18,-1.12,3.27,-2.09,-1.6043620754671306,-0.1447773700537359
2022-02-21,-2.47,1.1,-3.91,-1.5999364223938015,-1.1242674103345272
2022-02-22,-2.88,2.52,-5.34,-1.5955257202711788,0.7871571631813159
2022-02-23,-2.88,1.13,-6.76,-1.5911082646927377,0.0120791007664846
2022-02-24,-0.23,2.64,-4.82,-1.5863909832171592,-0.6322213172725636
2022-02-25,-0.66,3.43,-4.68,-1.5818046346735035,-0.5436300097921944
2022-02-28,-2.94,-1.34,-6.84,-1.5773578490632727,1.340565200818427
2022-03-01,-1.33,2.49,-3.45,-1.572903352539085,-0.5474651313281411
2022-03-02,-0.0,3.81,-4.9,-1.5683627844359975,1.0471784033185032
2022-03-03,-3.46,2.72,-6.62,-1.563826127932815,-0.3606947125275361
2022-03-04,-0.76,2.53,-3.81,-1.5594466821289257,-1.5162168313082816
2022-03-07,-1.9,2.7,-2.43,-1.5549552197718648,-0.6414256089588357
2022-03-08,-2.32,2.63,-6.96,-1.5505396679293473,-1.0456474188476197
2022-03-09,-0.76,-0.0,-5.46,-1.546061184020319,0.921386416939451
2022-03-10,-4.61,3.22,-7.31,-1.5416005786952742,-1.083615122053492
2022-03-11,1.12,1.64,-5.91,-1.537044812430948,0.1386381114527263
2022-03-14,-3.66,0.11,-4.5,-1.53260387618992,-0.1681716114230109
2022-03-15,-5.85,-1.47,-10.78,-1.5281284178973449,0.2088208355605512
2022-03-16,-0.34,1.6,-3.35,-1.5238312346764007,1.7202422328771518
2022-03-17,-2.7,0.42,-6.45,-1.5193374403688833,1.6316509253967828
2022-03-18,-0.56,1.56,-4.99,-1.5149420678949943,-0.0239710416714144
2022-03-21,1.07,2.27,-6.14,-1.5106126520053778,1.7248443787202878
2022-03-22,-2.32,2.6,-2.49,-1.506046931730902,0.0596346078122239
2022-03-23,-1.47,-0.9,-3.06,-1.5015857688509695,-0.6122786852856407
2022-03-24,-0.91,2.35,-2.46,-1.497306361911832,0.5386412876519687
2022-03-25,0.87,4.63,-4.35,-1.4929114450208656,-1.5461307792886658
2022-03-28,-0.02,2.92,-2.29,-1.488446105580298,-0.4485189957007158
2022-03-29,2.72,2.74,-6.13,-1.4839781097617282,0.0404590001324903
2022-03-30,-1.86,1.96,-4.86,-1.4795578128240912,1.3915723172465182
2022-03-31,0.13,0.88,-5.69,-1.4753934337393049,-0.0270391389001718
2022-04-01,-1.21,0.84,-5.77,-1.4709778255166348,1.3014469611517705
2022-04-04,2.48,5.04,-5.56,-1.466417291743146,0.6026878173022789
2022-04-05,0.9,1.82,-4.91,-1.4618271681294532,1.5710560051288245
2022-04-06,-4.53,1.37,-6.36,-1.4574165229750753,-1.6051916509422453
2022-04-07,-0.04,1.13,-4.17,-1.4527834524822538,-1.2431561779488751
2022-04-08,0.9,4.0,-5.66,-1.448462955310196,1.3658770029556753
2022-04-11,-0.64,-0.32,-4.58,-1.4440703965931303,-0.6379739995764836
2022-04-12,-3.87,2.69,-5.59,-1.4395258951058525,-1.2968478794521294
2022-04-13,-3.27,1.58,-3.74,-1.434995452755046,-1.051783613305134
2022-04-14,-1.63,2.58,-1.82,-1.4305314189232423,-0.8784361198803426
2022-04-15,0.66,1.61,-4.14,-1.4261664616638523,-0.6575331194098119
2022-04-18,-0.11,0.17,-3.36,-1.421801743027221,-1.24929237240639
2022-04-19,-1.16,0.36,-2.14,-1.4174016522309143,0.7936768697924254
2022-04-20,-6.32,0.52,-8.32,-1.413033053007562,-1.5607042411252634
2022-04-21,-3.43,1.9,-4.36,-1.4085564887015665,-0.588500931762771
2022-04-22,-2.85,-1.06,-4.47,-1.4040998351833598,1.3892712443249502
2022-04-25,-3.72,-1.06,-4.96,-1.399738649509892,0.1175449430050193
2022-04-26,-2.42,3.48,-4.68,-1.395305446994151,-1.416503671373667
2022-04-27,-1.85,1.4,-4.67,-1.3910771431963802,-0.9091170921679164
2022-04-28,-2.48,0.3,-4.33,-1.3865819587400108,0.3706629643775026
2022-04-29,-3.78,1.59,-6.81,-1.3820530638853392,0.5198491921258298
2022-05-02,-0.84,3.51,-2.62,-1.377669593778599,-0.956289087060061
2022-05-03,-4.08,-0.93,-4.96,-1.373274922672374,1.3984755360112224
2022-05-04,0.25,1.1,-4.66,-1.368787000966125,1.0816944971420237
2022-05-05,-0.29,2.73,-1.85,-1.3643126188328536,0.4715266607729012
2022-05-06,0.04,1.91,-5.83,-1.3597786882264111,-0.796364519011083
2022-05-09,-4.71,2.57,-4.95,-1.3553831512607786,1.4506331889000976
2022-05-10,-3.4,-0.43,-6.5,-1.3509772448198056,-0.0301072361289291
2022-05-11,-4.75,3.09,-9.55,-1.346532059926289,0.8519707171388154
2022-05-12,-1.99,-0.93,-3.84,-1.3421623695512477,-0.4542716780046359
2022-05-13,-4.07,-0.97,-6.53,-1.3377191296159947,1.7156400870340158
2022-05-16,-2.26,-0.96,-3.67,-1.3333479793133174,-0.9045149463247804
2022-05-17,-0.39,3.31,-2.4,-1.328845798393313,-0.3442036899229652
2022-05-18,0.69,1.67,-4.83,-1.3244644264148302,-0.1083437154622421
2022-05-19,-2.81,2.36,-5.4,-1.3199769508399373,0.4680750513905491
2022-05-20,-0.13,4.83,-2.64,-1.3153819853381423,1.055615670697586
2022-05-23,-3.6,-0.25,-8.12,-1.3108788530424302,-0.073444109485127
2022-05-24,-2.27,0.15,-2.4,-1.3063982539998795,-1.30183353744886
2022-05-25,-1.09,2.16,-2.83,-1.302055131333942,1.597518343726857
2022-05-26,0.94,5.44,-2.25,-1.2974662007335047,-0.7127588695274446
2022-05-27,0.63,2.11,-2.95,-1.2929016758006249,1.6607978490699775
2022-05-30,-2.09,0.59,-2.3,-1.2884507443028608,1.6677010678346815
2022-05-31,-3.33,2.89,-6.59,-1.284020152333012,-0.8174576874587899
2022-06-01,-1.21,-0.3,-4.6,-1.27962794622068,0.1512940125213504
2022-06-02,-2.47,-0.73,-4.64,-1.2750032659013242,-0.5536013257856559
2022-06-03,-4.52,-0.9,-5.48,-1.2704683667508847,-0.8170741753051952
2022-06-06,-1.52,-0.08,-5.9,-1.2660711981456605,0.48456607399512
2022-06-07,-2.74,0.99,-6.85,-1.261508142927931,-0.0182183593674943
2022-06-08,-2.64,0.04,-6.04,-1.256923667027622,0.6502433243480181
2022-06-09,-2.39,3.55,-6.0,-1.2524606685059103,1.06827157176621
2022-06-10,0.03,0.22,-2.21,-1.2480265251913885,0.6226304492892019
2022-06-13,-2.58,1.18,-3.2,-1.2436503126195655,1.1039382020505146
2022-06-14,0.38,1.11,-2.92,-1.2391222479733697,-0.9390310401483009
2022-06-15,-0.86,3.57,-3.36,-1.2346954921262414,-1.238937544259334
2022-06-16,1.02,1.65,-1.51,-1.2302724285854252,0.8930065175734453
2022-06-17,0.87,0.9,-1.37,-1.225808565306378,-0.3541750059164266
2022-06-20,-1.23,0.9,-5.93,-1.2214167188171423,1.5491958123739282
2022-06-21,-1.64,1.81,-2.33,-1.2168153410985432,1.7290630124098292
2022-06-22,-3.38,0.9,-7.54,-1.2122640158561002,0.3142866777990858
2022-06-23,0.12,2.1,-4.29,-1.207792286654544,-0.5313576208771649
2022-06-24,-7.51,2.46,-9.48,-1.2034034083569145,-0.5762285428477415
2022-06-27,-0.07,0.55,-1.62,-1.1990097090194696,-1.3490055323410046
2022-06-28,-5.66,2.68,-10.49,-1.1946199477522346,0.4776628552304159
2022-06-29,-0.77,3.97,-4.27,-1.190264953580874,0.3871539869820735
2022-06-30,-1.88,0.73,-6.33,-1.1857712456221878,-1.231650813341035
2022-07-01,-1.08,-0.69,-1.96,-1.1813637211418395,0.3066164347271924
2022-07-04,-1.12,1.01,-5.89,-1.1769612967659142,-1.575277702961861
2022-07-05,-3.09,-0.35,-7.19,-1.1725690867912724,-0.0381609913544172
2022-07-06,-3.23,-0.86,-3.79,-1.168014576579998,1.2032678498315346
2022-07-07,-2.57,0.04,-2.77,-1.1636174228615193,0.690128588321864
2022-07-08,-1.13,-0.32,-4.89,-1.1590392071150808,-1.681510569507585
2022-07-11,-0.47,0.83,-3.99,-1.154600004758681,-0.0423796250439586
2022-07-12,-1.25,1.95,-3.81,-1.150246295008572,-0.2065228267824781
2022-07-13,0.29,0.76,-4.65,-1.1457394976050777,0.9746946062891104
2022-07-14,-0.98,2.0,-6.13,-1.1411953729488364,-0.2053722903216941
2022-07-15,-1.21,0.39,-5.81,-1.1368071006882206,0.532505093194454
2022-07-18,-0.5,-0.2,-5.33,-1.132336560650984,0.351487356697769
2022-07-19,-2.09,-0.02,-2.92,-1.1278432298074654,1.3658770029556753
2022-07-20,-0.78,1.74,-4.12,-1.1233697971146217,-1.667704131978177
2022-07-21,-0.87,-0.81,-4.49,-1.118945815621072,1.077859375606077
2022-07-22,-1.4,0.76,-2.8,-1.114402196017925,0.7810209687238012
2022-07-25,-3.22,-0.39,-6.77,-1.1099597274201602,0.5470785550310515
2022-07-26,-3.07,3.38,-3.16,-1.1055489205393452,-1.4084499161481787
2022-07-27,0.09,2.78,-2.34,-1.1012416458634728,-1.6987686164193452
2022-07-28,-3.64,-0.36,-3.77,-1.096933538484093,0.3058494104200031
2022-07-29,-2.18,0.89,-7.17,-1.0924493659364862,-1.6968510556513718
2022-08-01,-1.07,0.8,-5.07,-1.0879913535335473,-0.3127556933282021
2022-08-02,2.28,6.55,-2.05,-1.083447213801224,-1.432994693978238
2022-08-03,-0.28,2.7,-1.84,-1.0788813890380815,0.5946340620767908
2022-08-04,-2.15,3.6,-6.08,-1.0744383834681244,1.4003930967791958
2022-08-05,-2.1,0.4,-2.56,-1.0698887782714883,-1.6876467639650996
2022-08-08,-1.74,2.69,-3.78,-1.0654740571298278,-0.5804471765372828
2022-08-09,-0.71,2.03,-4.13,-1.0610225491771692,-0.2882109154981431
2022-08-10,-2.92,0.89,-7.43,-1.0565735947035717,0.0216669046063514
2022-08-11,-3.72,0.01,-7.67,-1.0519676950089756,-1.670005204899745
2022-08-12,-3.11,0.61,-3.64,-1.047616968282232,0.511411924746747
2022-08-15,0.25,2.7,-1.91,-1.0431467946214468,1.507392987632109
2022-08-16,-1.45,0.7,-1.79,-1.038744056266593,-1.3547582146449249
2022-08-17,0.21,2.78,-3.87,-1.0343058648676295,-1.4901380048638435
2022-08-18,-0.3,0.65,-3.28,-1.029871492523543,0.2111219084821192
2022-08-19,-1.82,3.14,-6.42,-1.025400164573901,-1.664252522595825
2022-08-22,-3.5,0.91,-5.49,-1.02081499493394,-0.5463145948673571
2022-08-23,-3.33,-0.69,-5.69,-1.0161802575843608,-0.1052756182334848
2022-08-24,-3.09,-0.8,-3.26,-1.011656734362479,0.2651971221389679
2022-08-25,-0.57,3.0,-5.68,-1.0072792760421534,1.266547355174655
2022-08-26,2.44,4.35,-3.4,-1.0028299770465838,-0.6978018955372524
2022-08-29,-2.59,3.98,-7.01,-0.99834181304019,0.9114151009459897
2022-08-30,0.19,4.84,-3.12,-0.9939132576201426,0.6172612791388764
2022-08-31,-0.91,2.25,-5.71,-0.98947310702655,0.3215734087173846
2022-09-01,-0.39,0.16,-1.32,-0.9850145687165528,-0.7392212081254769
2022-09-02,-3.14,1.47,-8.03,-0.980480719030486,-0.3330818374687197
2022-09-05,-3.49,2.81,-4.96,-0.9759684821469612,1.3739307581811635
2022-09-06,-1.59,1.36,-3.75,-0.9715580758381894,-1.3190915843606204
2022-09-07,-1.3,1.38,-4.49,-0.96704024422296,1.5442101543771976
2022-09-08,0.59,2.67,-2.8,-0.9624213696558896,1.1978986796812092
2022-09-09,-3.49,2.42,-8.31,-0.958091579912271,-0.1179315193021089
2022-09-12,-0.88,1.16,-1.94,-0.9536657397124952,-0.5881174196091763
2022-09-13,-1.48,0.44,-5.85,-0.9492466884369232,-0.4768988950667215
2022-09-14,-0.07,4.4,-2.94,-0.9447746592566688,-0.3066194988706874
2022-09-15,-1.9,1.34,-4.97,-0.9404726346039148,0.1255986982305074
2022-09-16,-0.84,1.86,-2.18,-0.9358861996336229,-1.1284860440240685
2022-09-19,0.23,3.53,-1.42,-0.931417128434684,-0.2329851653805104
2022-09-20,-2.45,0.57,-4.63,-0.9269256129666528,-1.001927033337827
2022-09-21,-2.6,2.54,-6.56,-0.922444439709914,-1.2726866137756652
2022-09-22,1.81,2.97,-1.12,-0.9180256721599516,-0.2145765820079662
2022-09-23,-1.7,0.16,-2.51,-0.9134983910157024,0.4653904663153865
2022-09-26,-0.96,2.67,-2.58,-0.9090330311913,-0.2291500438445637
2022-09-27,-3.08,2.61,-7.69,-0.9047542945054052,1.2496728204164895
2022-09-28,-2.37,0.58,-5.37,-0.900299060491225,1.525034546697464
2022-09-29,-0.73,-0.49,-3.06,-0.895858954308347,0.7100712203087869
2022-09-30,-3.95,-0.84,-7.06,-0.8913318439747044,0.2694157558285093
2022-10-03,-1.58,-0.88,-4.41,-0.8866257207830747,-1.1327046777136098
2022-10-04,-4.66,1.93,-8.11,-0.8821271015026205,1.4003930967791958
2022-10-05,-2.18,3.91,-4.06,-0.8774729152424787,-0.0327918212040918
2022-10-06,-3.17,0.35,-7.29,-0.8730693009964323,-1.2738371502364492
2022-10-07,-0.3,2.28,-4.72,-0.8686599625260967,-0.043146649351148
2022-10-10,3.22,5.84,-1.35,-0.8642170757511749,0.0577170470442506
2022-10-11,-0.28,3.71,-5.01,-0.8597142142098064,-0.3706660285209975
2022-10-12,-1.52,2.44,-6.19,-0.8553065258578714,-1.2792063203867745
2022-10-13,-1.32,1.19,-4.8,-0.8509855674935247,-1.6918653976546412
2022-10-14,0.08,3.42,-4.73,-0.8465186159197373,-0.2924295491876845
2022-10-17,-1.13,2.25,-5.1,-0.8421557900357428,0.093383677328555
2022-10-18,-1.0,3.98,-4.27,-0.8375912561036206,-0.1022075210047274
2022-10-19,-1.58,0.78,-3.91,-0.8330688670705394,0.74151921690355
2022-10-20,1.42,3.55,-3.05,-0.8286717982076178,-0.3886910997399471
2022-10-21,-0.89,-0.1,-1.06,-0.8241662041587631,-0.5574364473216026
2022-10-24,0.14,3.92,-3.44,-0.8197502607481627,0.9658738267564329
2022-10-25,-1.96,-0.56,-2.79,-0.8152900285988971,-0.664436338174516
2022-10-26,-2.78,1.56,-3.92,-0.8108288569755983,1.070572644687778
2022-10-27,-0.88,0.71,-5.54,-0.8063939352669197,0.6487092757336395
2022-10-28,-2.13,2.64,-4.85,-0.8018548645400295,-0.2395048719916198
2022-10-31,-0.33,0.89,-0.82,-0.797489910664234,1.6389376563150817
2022-11-01,-0.28,1.61,-1.72,-0.7929770670530983,-0.8730669497300173
2022-11-02,0.67,1.05,-2.19,-0.788484980460843,-0.4067161709588967
2022-11-03,-2.06,3.32,-3.15,-0.7841455131547224,-1.2792063203867745
2022-11-04,0.54,2.65,-4.21,-0.7797515604622484,-0.6828449215470602
2022-11-07,1.7,2.22,-2.48,-0.7753843487370884,-1.5031774180860626
2022-11-08,1.43,1.55,-2.57,-0.7709521770591239,-1.2627152977822036
2022-11-09,-2.19,3.78,-2.85,-0.7664829598854369,-0.5164006468869727
2022-11-10,-1.6,2.92,-6.01,-0.7621009700103443,-0.409784268187654
2022-11-11,0.06,2.03,-4.72,-0.7575495361088661,-1.0701921966776784
2022-11-14,1.84,5.94,-3.91,-0.7529901855985618,-0.0278061632073611
2022-11-15,0.4,0.42,-3.45,-0.7484150617777098,-0.7886942759391895
2022-11-16,-1.28,-0.35,-3.02,-0.7441928845905105,-1.1929160858279733
2022-11-17,-1.2,1.19,-4.92,-0.7395540245493949,0.5858132825441134
2022-11-18,-3.03,0.64,-5.47,-0.7350743034552546,0.8623255452858716
2022-11-21,1.26,2.26,-2.05,-0.7306051869152423,1.6462243872333802
2022-11-22,0.55,2.6,-2.65,-0.7261493912343672,-1.3436363621906793
2022-11-23,-3.23,-0.05,-5.65,-0.7218024831155511,-0.0795803039426418
2022-11-24,-2.12,3.43,-4.3,-0.7173054646942527,0.7737342378055024
2022-11-25,0.14,1.59,-1.65,-0.7126966287254006,-1.6726897899749076
2022-11-28,-1.91,2.7,-5.25,-0.7082179819338768,-1.1265684832560952
2022-11-29,0.63,5.11,-4.71,-0.7038526648810226,0.1466918666782144
2022-11-30,0.98,1.42,-3.29,-0.6995239787041726,-0.5509167407104931
2022-12-01,-1.38,2.67,-3.84,-0.6950853415986917,-1.345170410805058
2022-12-02,-5.15,0.75,-6.29,-0.6906868888037834,-1.3670306035599542
2022-12-05,1.91,5.67,-2.08,-0.6861592575861862,0.8212897448512417
2022-12-06,0.62,0.7,-2.37,-0.6815719893360768,-1.4932061020926013
2022-12-07,-1.84,0.62,-2.5,-0.6770651576704472,1.5580165919066058
2022-12-08,-0.25,0.34,-1.42,-0.6726078634230316,0.4393116398709488
2022-12-09,0.95,5.26,-1.39,-0.6681548054181314,1.102404153436136
2022-12-12,-1.35,3.16,-2.3,-0.6636835650116647,0.0427600730540584
2022-12-13,-0.85,1.41,-2.9,-0.65932225242822,-0.7353860865895302
2022-12-14,-3.65,2.18,-5.15,-0.6548035786367431,0.90489539433488
2022-12-15,-0.35,0.25,-0.74,-0.6504352004995893,1.5281026439262213
2022-12-16,-2.88,0.8,-6.66,-0.6458706362223267,-0.5954041505274751
2022-12-19,-2.59,1.17,-4.35,-0.6414381806168141,0.6579135674199116
2022-12-20,-1.54,-0.14,-5.25,-0.6368990983505634,0.68897805186108
2022-12-21,-2.34,3.85,-6.91,-0.6325657653467339,-0.0726770851779377
2022-12-22,2.98,3.2,-3.94,-0.6280273125844704,0.5378742633447794
2022-12-23,3.85,7.39,-2.71,-0.6234407490168692,0.7541751179721742
2022-12-26,-0.48,2.75,-0.8,-0.6190902983412404,0.2636630735245892
2022-12-27,1.63,4.31,-3.05,-0.6146355411753127,-1.1342387263279887
2022-12-28,-1.36,1.85,-3.88,-0.6101407437662305,-1.502793905932468
2022-12-29,-1.14,0.64,-2.55,-0.6056415723944854,-0.3603112003739414
2022-12-30,-1.79,1.35,-4.82,-0.6012070009619805,-1.1507297489325594
2023-01-02,-0.77,4.1,-4.4,-0.5967881711550376,0.8427664254525433
2023-01-03,-2.16,3.63,-2.16,-0.5923006625220998,-1.2558120790174996
2023-01-04,-4.57,1.25,-7.86,-0.5878042874173894,0.8362467188414339
2023-01-05,1.63,3.79,-1.43,-0.5833954205360274,1.675371310906575
2023-01-06,-5.0,0.29,-6.96,-0.5790042022190931,-1.4920555656318173
2023-01-09,-2.27,1.22,-7.07,-0.5744311361695612,-0.0588706476485295
2023-01-10,2.87,7.17,-2.85,-0.5699566287856407,0.1627993771291906
2023-01-11,1.81,3.75,-3.23,-0.5656945943334425,0.7445873141323074
2023-01-12,-1.03,1.17,-1.3,-0.5611209804115109,-0.2763220387367083
2023-01-13,2.64,4.67,-1.0,-0.5567094112109496,1.7102709168836905
2023-01-16,3.36,3.78,-4.8,-0.5522385586483213,1.6013534652628036
2023-01-17,-1.59,3.16,-3.76,-0.547740191277053,1.7125719898052585
2023-01-18,1.25,4.82,-2.71,-0.543407788232389,0.5585839196388916
2023-01-19,1.13,2.6,-5.22,-0.5389686848821995,1.6469914115405695
2023-01-20,-0.74,-0.43,-1.2,-0.5343861355458787,-0.872299925422828
2023-01-23,-1.99,4.14,-4.6,-0.5298239652926248,-0.1401752242105999
2023-01-24,-0.91,0.81,-2.49,-0.5253850009559227,-0.1735407815733363
2023-01-25,-0.33,4.25,-1.83,-0.52085618573825,0.1290503076128595
2023-01-26,-0.23,0.02,-3.62,-0.516315610782242,1.0387411359394203
2023-01-27,-0.38,4.31,-3.5,-0.5117795921162892,-0.6410420968052409
2023-01-30,-2.97,2.15,-5.41,-0.5074170369348788,-0.3361499346974771
2023-01-31,1.22,6.11,-1.44,-0.5028055929396514,-0.2172611670831289
2023-02-01,2.06,5.38,-3.67,-0.4983821202997437,-1.17374047814824
2023-02-02,-2.41,0.86,-5.47,-0.4939074639592262,-0.8868733872594254
2023-02-03,-0.36,-0.12,-2.82,-0.4894739397868079,-0.8956941667921029
2023-02-06,0.89,3.17,-4.76,-0.4849885298157764,-0.8868733872594254
2023-02-07,-3.25,3.34,-6.37,-0.4806008139781969,0.5413258727271314
2023-02-08,-1.05,2.76,-1.3,-0.4761560241779602,0.7886912117956946
2023-02-09,4.24,8.56,-4.07,-0.4716748115588648,-1.2707690530076916
2023-02-10,-0.78,-0.18,-0.8,-0.4671005602359906,-0.3468882749981279
2023-02-13,-1.23,3.36,-3.37,-0.4625370889948619,-0.6283861957366168
2023-02-14,-2.64,3.88,-7.15,-0.4579690970908757,-1.000776496877043
2023-02-15,1.27,1.48,-3.02,-0.4534266355133212,-0.6111281488248566
2023-02-16,-0.81,1.97,-2.03,-0.4487968385680178,-1.656965791677526
2023-02-17,0.19,3.59,-1.77,-0.4443578547336587,1.0598343043871274
2023-02-20,2.73,4.52,-1.74,-0.4399070502989985,-0.2747879901223296
2023-02-21,-0.65,3.72,-1.5,-0.4354599226824396,-1.3133389020567003
2023-02-22,0.8,1.81,-4.65,-0.4310004887332586,-1.590234676952053
2023-02-23,-0.84,1.31,-2.47,-0.426663847368504,-0.3388345197726398
2023-02-24,0.17,0.47,-1.7,-0.422175312002897,1.199432728295588
2023-02-27,-1.12,2.5,-3.06,-0.4176661225579172,-1.1956006709031362
2023-02-28,-1.89,2.44,-5.41,-0.4132242156366042,-1.3631954820240075
2023-03-01,-0.52,3.32,-1.43,-0.4089162495926879,0.3986593515899136
2023-03-02,-0.49,0.56,-3.7,-0.4044494430937245,-0.7810240328672962
2023-03-03,-4.99,4.48,-8.09,-0.4001001648359496,-0.1915658527922859
2023-03-06,0.19,3.88,-4.24,-0.3955971140772122,1.0663540109982368
2023-03-07,-0.42,2.4,-3.38,-0.391121567009235,-1.17374047814824
2023-03-08,-0.27,2.82,-0.81,-0.3866372633495005,-1.6953170070369932
2023-03-09,0.71,1.45,-3.25,-0.3822671188545601,-0.7499595484261277
2023-03-10,-2.69,1.23,-4.99,-0.3776895693343748,-0.2617485769001108
2023-03-13,-0.03,2.1,-4.87,-0.3732094772232402,-1.112762045726687
2023-03-14,0.63,1.1,-2.88,-0.3688262238609409,1.0437267939361512
2023-03-15,-2.33,1.78,-4.66,-0.3643095703096198,-1.446801131507646
2023-03-16,-5.63,4.49,-9.5,-0.3598359499543074,1.413432510001415
2023-03-17,-0.88,4.6,-4.93,-0.3552070244092956,0.3058494104200031
2023-03-20,3.87,6.4,-3.63,-0.3507915021181006,-1.0352925907005637
2023-03-21,-0.9,4.44,-4.35,-0.3464380113843985,-0.7925293974751363
2023-03-22,-1.04,4.17,-4.37,-0.3419472805486113,1.254274966259626
2023-03-23,-0.15,2.52,-0.73,-0.3373919981539242,-0.8891744601809934
2023-03-24,-0.96,2.1,-2.12,-0.3327196692042299,1.656962727534031
2023-03-27,-0.43,3.71,-4.34,-0.3279495016715773,-1.59982248079192
2023-03-28,-2.48,1.8,-4.67,-0.3236232034760488,0.3679783793023399
2023-03-29,-2.91,4.36,-3.19,-0.3191703871120593,-0.0661573785668283
2023-03-30,1.14,5.46,-1.18,-0.3148165998474329,-0.8113214930012752
2023-03-31,-1.04,0.46,-2.59,-0.3103737978943409,-1.647377987837659
2023-04-03,-0.45,2.89,-0.68,-0.3056876925447296,0.3238744816389526
2023-04-04,-1.04,2.33,-3.21,-0.3012959982138785,0.3848529140605054
2023-04-05,-1.3,0.78,-3.28,-0.2968330656269282,-1.6239837464683842
2023-04-06,0.03,1.9,-0.83,-0.2924200425033877,1.5150632307040026
2023-04-07,-0.69,4.08,-0.75,-0.2880447418682422,1.420335728766119
2023-04-10,-0.29,4.23,-4.57,-0.2834197567700691,0.5539817737957556
2023-04-11,-0.71,1.08,-2.3,-0.279092316358158,-1.5189014163834442
2023-04-12,0.86,5.24,-1.47,-0.2746347918631833,-0.2195622400046969
2023-04-13,-0.54,0.09,-2.43,-0.2701620441424647,-1.6120948697069497
2023-04-14,1.1,2.7,-0.74,-0.2657001026317772,0.2383512713873409
2023-04-17,-0.19,1.25,-0.78,-0.2612634019595429,1.655812191073247
2023-04-18,-0.64,2.98,-2.03,-0.2566543518034896,0.0358568542893543
2023-04-19,1.27,4.79,-5.21,-0.2523780454700295,0.0473622188971944
2023-04-20,3.51,7.15,-1.26,-0.2478741784702148,-0.1635694655798749
2023-04-21,-3.14,4.27,-6.67,-0.2433663334662464,0.894540566187824
2023-04-24,-0.24,1.46,-1.66,-0.2388758131009105,0.6111250846813616
2023-04-25,-2.43,2.81,-3.24,-0.2344851128810098,-1.66386901044223
2023-04-26,-3.99,2.82,-5.82,-0.2299126133947752,-1.0594538563770275
2023-04-27,-0.41,1.8,-1.02,-0.2253445833418145,1.0866801551387544
2023-04-28,2.4,3.08,-2.02,-0.2209570304159611,0.4734442215408745
2023-05-01,-2.11,2.04,-2.67,-0.2165991059949367,-1.5649228748148047
2023-05-02,-4.82,1.32,-8.43,-0.2122584356824794,0.1087241634723419
2023-05-03,4.52,5.08,-3.67,-0.2077734146899173,0.6809242966355918
2023-05-04,-4.78,3.7,-8.42,-0.2033043443592164,-1.6266683315435468
2023-05-05,0.04,3.4,-0.43,-0.1988716977271598,-0.4849526502922097
2023-05-08,-0.54,0.08,-2.06,-0.1942209477599352,1.1741209261583396
2023-05-09,-0.84,0.82,-4.45,-0.1897972288102607,-0.3192753999393115
2023-05-10,-1.39,3.99,-4.51,-0.1853155926772451,0.3560895025409051
2023-05-11,1.5,2.26,-3.87,-0.1808680509523794,0.713522829691139
2023-05-12,-1.09,2.13,-4.38,-0.1762278559260764,-0.7863932030176215
2023-05-15,2.43,6.82,-3.04,-0.1719406361559764,-0.3173578391713382
2023-05-16,1.96,4.52,-3.54,-0.1675034176565106,0.7008669286225148
2023-05-17,1.27,5.25,-2.9,-0.1629836731635615,0.2533082453775331
2023-05-18,-0.36,1.14,-1.37,-0.1585386391605945,-0.614196246053614
2023-05-19,0.64,2.65,-0.25,-0.1541902204718866,-1.1292530683312578
2023-05-22,-6.01,0.33,-10.76,-0.1497095579405118,1.62896634032162
2023-05-23,4.23,4.56,-2.59,-0.1453894458614137,0.6805407844819972
2023-05-24,2.58,3.5,-0.23,-0.1408647025323119,-1.3543747024913302
2023-05-25,-2.27,2.91,-3.54,-0.1364367132300052,-0.2065228267824781
2023-05-26,-2.93,3.07,-3.18,-0.1320237446342572,0.8143865260865376
2023-05-29,2.97,4.3,-3.7,-0.1274654323368796,1.5898481006549634
2023-05-30,1.27,4.52,-3.08,-0.1230901253121338,-1.1798766726057546
2023-05-31,-4.13,1.57,-7.85,-0.1187629714735091,1.2807373048576582
2023-06-01,-0.29,1.82,-1.0,-0.1143793828216887,-0.3714330528281869
2023-06-02,0.11,0.76,-4.95,-0.1097316972571286,-0.5923360532987177
2023-06-05,1.83,5.67,-0.31,-0.1053564316113455,0.1528280611357291
2023-06-06,-1.33,0.16,-3.35,-0.1008588983632909,1.160698000782526
2023-06-07,-5.63,0.84,-9.91,-0.096318695928384,1.193296533838073
2023-06-08,-1.15,2.9,-1.35,-0.0919377207877377,0.2226272730899593
2023-06-09,-0.73,4.74,-2.43,-0.0875566299674248,-0.4396982161680384
2023-06-12,0.11,3.71,-1.43,-0.0830756493927131,-1.103557754040415
2023-06-13,0.46,1.48,-0.25,-0.0785906358069242,1.5112281091680555
2023-06-14,2.9,5.39,-0.14,-0.074005403695702,-0.87575153480518
2023-06-15,1.04,3.41,-3.34,-0.0696092016177027,-1.675757887203665
2023-06-16,0.35,2.81,-4.93,-0.0651779967525745,0.5919494770016281
2023-06-19,2.88,3.54,-4.44,-0.0604596412489368,-0.1229171772988397
2023-06-20,2.5,5.5,-3.02,-0.0561548260437327,-0.2349027261484838
2023-06-21,-3.44,0.68,-3.93,-0.0518683225168095,1.2124721415178066
2023-06-22,0.91,5.52,-1.6,-0.0475269323156615,0.2011505924886577
2023-06-23,-1.33,2.13,-5.96,-0.0429636685108949,1.4283894839916067
2023-06-26,-0.61,3.01,-4.77,-0.0385379136207364,0.996171286890412
2023-06-27,0.6,1.49,-0.61,-0.0341121910381182,-0.4673110912268547
2023-06-28,-0.9,0.05,-1.5,-0.0297334905581193,-1.464059178419406
2023-06-29,0.36,3.78,-4.43,-0.0251865849778148,1.689561260589578
2023-06-30,-1.17,2.69,-3.26,-0.0208438118011841,-0.4178380234131421
2023-07-03,2.81,4.79,-2.59,-0.016430845883898,-0.5605045445503599
2023-07-04,0.29,3.8,-2.95,-0.0120486109733982,-0.9885041079620134
2023-07-05,2.42,4.1,-0.13,-0.0078223464097627,-0.1183150314557036
2023-07-06,-2.24,0.53,-3.77,-0.0034001593276285,-1.5921522377200266
2023-07-07,0.76,2.25,-2.89,0.0010594488995511,0.6962647827793788
2023-07-10,-0.83,3.3,-4.17,0.0054550892560884,-0.2429564813739719
2023-07-11,-1.4,1.47,-4.13,0.0098960256664355,-1.6320375016938724
2023-07-12,-0.09,3.17,-3.83,0.014339252470317,-0.7514935970405064
2023-07-13,0.96,5.78,-1.39,0.0187922663575629,1.3746977824883528
2023-07-14,-2.46,2.16,-2.47,0.0231630348818078,-0.2935800856484685
2023-07-17,-1.78,4.94,-5.79,0.0275286740413455,-0.7948304703967043
2023-07-18,2.19,5.66,-1.8,0.03199775905812,0.8450674983741113
2023-07-19,-2.2,2.66,-6.26,0.036330840391836,-1.4072993796873947
2023-07-20,-0.23,0.45,-0.25,0.0407766122805539,0.8715298369721437
2023-07-21,0.51,2.67,-0.46,0.0453875508814726,-0.5225368413444875
2023-07-24,1.71,4.97,-0.62,0.0498489768222408,0.1125592850082886
2023-07-25,2.05,4.47,-4.37,0.0541507611238017,-0.4561892387726093
2023-07-26,-1.9,2.78,-5.16,0.0586317112997237,-0.854658366357473
2023-07-27,-2.33,0.65,-5.5,0.0631696935293898,0.0696059238056854
2023-07-28,1.63,4.92,-4.72,0.0675635662156585,0.0485127553579784
2023-07-31,-1.48,4.26,-5.51,0.0720017631238122,0.7445873141323074
2023-08-01,-0.36,5.07,-4.65,0.0763882801925833,-0.5474651313281411
2023-08-02,-1.73,0.7,-3.53,0.0808119011565042,1.4295400204523907
2023-08-03,-1.91,1.79,-4.82,0.0852173620923117,-0.0109316284491956
2023-08-04,-2.29,0.28,-3.44,0.0897211591517975,0.1708531323546787
2023-08-07,0.07,4.45,-4.04,0.0943341312200047,-0.7031710656875778
2023-08-08,0.59,3.63,-1.84,0.0988041332319126,-0.6034579057529632
2023-08-09,-1.37,4.26,-4.0,0.1031313517202132,-1.048332003922782
2023-08-10,-1.92,1.39,-2.4,0.1078221174856252,-0.0653903542596389
2023-08-11,-0.43,0.14,-3.47,0.1123390618767487,-1.5461307792886658
2023-08-14,-2.04,2.34,-2.48,0.1168741847955729,-0.562805617471928
2023-08-15,-2.35,0.55,-4.44,0.1213333869818706,-1.1165971672626338
2023-08-16,-2.42,4.5,-6.77,0.125819061993063,-0.3791032959000803
2023-08-17,0.35,3.9,-4.05,0.1302534304707701,1.0855296186779704
2023-08-18,0.86,5.49,-2.53,0.1347990213727076,0.9217699290930456
2023-08-21,2.78,5.03,-1.25,0.1392212830739767,0.5769925030114359
2023-08-22,-2.91,2.93,-4.32,0.1437298759553527,1.0003899205799534
2023-08-23,-1.34,3.9,-2.81,0.1482813344236203,0.1106417242403152
2023-08-24,0.73,3.24,-4.58,0.1528574865323974,-1.309887292674348
2023-08-25,2.32,4.29,-1.54,0.157414529597535,-0.2525442852138387
2023-08-28,-0.87,1.01,-5.54,0.1617880172162346,1.6412387292366497
2023-08-29,-0.97,3.91,-5.4,0.1663933528731637,-1.1672207715371303
2023-08-30,-0.97,1.89,-4.16,0.1709175625687486,0.6203293763676337
2023-08-31,-3.25,1.05,-7.18,0.1754097441886407,-0.7656835467235092
2023-09-01,1.47,3.39,-2.72,0.1799122203756102,1.242386089498191
2023-09-04,0.94,4.84,-2.08,0.1843629692925235,0.1229141131553447
2023-09-05,2.4,6.88,-1.19,0.1887861937554882,0.7296303401421151
2023-09-06,0.12,4.46,-1.48,0.1932181798250445,0.1340359656095902
2023-09-07,-3.4,2.73,-6.67,0.1977980996249233,0.6418060569689354
2023-09-08,1.38,4.29,-1.52,0.2022702301760239,-0.6464112669555664
2023-09-11,-4.09,3.54,-5.76,0.2067602797740229,1.2013502890635612
2023-09-12,0.74,3.34,-1.69,0.2112305431184114,-1.297231391605724
2023-09-13,2.48,3.55,-4.52,0.2156357916491156,-1.0897513165110069
2023-09-14,-1.63,1.08,-5.2,0.2199089779377653,1.5246510345438693
2023-09-15,1.38,2.57,-2.33,0.2244425157906381,-1.6565822795239311
2023-09-18,0.39,3.05,-0.52,0.2289665932086222,0.5470785550310515
2023-09-19,-1.71,4.93,-4.32,0.2334304630173736,1.5426761057628189
2023-09-20,-0.95,1.68,-3.87,0.2377979999224183,1.5104610848608664
2023-09-21,-1.43,3.01,-5.8,0.2424254879392997,1.5281026439262213
2023-09-22,0.82,5.76,0.13,0.2468599166005813,0.9977053355047906
2023-09-25,3.89,8.27,-4.21,0.2513469777222866,-0.0258886024393878
2023-09-26,0.89,5.23,-0.42,0.2557490808789348,-0.5071963552007006
2023-09-27,1.14,5.46,-3.86,0.2600934466935343,-0.8212928089947367
2023-09-28,2.05,5.55,-3.23,0.2646109924475598,0.4251216901879459
2023-09-29,-2.21,5.19,-5.16,0.268941866255586,-1.1039412661940096
2023-10-02,0.58,2.57,-1.9,0.2734272116910163,0.5401753362663474
2023-10-03,3.89,4.83,-2.86,0.2779128165178373,-0.2920460370340899
2023-10-04,-0.47,0.97,-3.99,0.2822777168594375,0.4090141797369697
2023-10-05,0.33,2.09,-1.07,0.2866268423941735,-0.979683328429336
2023-10-06,-1.42,5.04,-4.3,0.2910229369325831,1.6408552170830548
2023-10-09,-0.66,0.89,-1.18,0.295431789918649,-0.6000062963706111
2023-10-10,-2.94,2.85,-3.15,0.2997600807045452,0.9275226113969656
2023-10-11,3.92,5.04,0.18,0.3041245008021141,1.5200488887007333
2023-10-12,4.59,7.47,-0.61,0.3085961717601884,0.4496664680180049
2023-10-13,-1.78,2.5,-3.06,0.3132387336515785,-0.3752681743641336
2023-10-16,0.48,4.12,0.3,0.3177936072548304,1.071723181148562
2023-10-17,-3.97,3.94,-7.5,0.3222728341204381,-1.103557754040415
2023-10-18,-1.1,3.73,-4.04,0.326838485424799,1.1043217142041093
2023-10-19,0.67,2.71,-0.87,0.3314065586278082,-1.5212024893050122
2023-10-20,-1.58,1.61,-5.61,0.335844217367719,1.592916197883721
2023-10-23,-0.75,4.98,-2.77,0.3403321397080691,1.4237873381484707
2023-10-24,2.52,4.15,-3.03,0.3448843566883323,0.7752682864198811
2023-10-25,0.35,3.23,-0.85,0.3494487694906562,-1.3720162615566849
2023-10-26,4.74,8.73,-0.75,0.3540140395595461,0.4753617823088479
2023-10-27,0.78,2.61,-3.25,0.3583872224976276,1.4069128033903051
2023-10-30,0.33,1.76,-3.61,0.362957044878578,-0.827812515605846
2023-10-31,2.71,3.06,-4.22,0.3675878599575815,-1.3900413327756345
2023-11-01,-0.99,3.49,-2.32,0.3721861126484709,-1.3279123638932977
2023-11-02,-2.01,0.89,-2.18,0.3765540706517828,0.3066164347271924
2023-11-03,-0.61,4.07,-3.87,0.3808995743291273,1.2397015044230284
2023-11-06,6.37,11.2,-2.13,0.3854060107799891,0.0768926547239841
2023-11-07,1.78,2.16,-0.7,0.3900026030862236,0.9942537261224386
2023-11-08,-0.46,3.77,-3.81,0.3944876921972026,0.8224402813120257
2023-11-09,-0.87,0.6,-3.07,0.3989316019754965,-1.6431593541481178
2023-11-10,-4.2,0.52,-6.58,0.4033884410860665,0.0822618248743095
2023-11-13,-0.84,1.24,-2.6,0.4079444616463707,0.0657708022697387
2023-11-14,2.89,7.27,-0.38,0.4123806355739506,0.9631892416812702
2023-11-15,-1.35,1.58,-5.53,0.4168884765884699,-0.6836119458542496
2023-11-16,0.56,1.62,-2.73,0.4213417282379232,-1.312571877749511
2023-11-17,0.13,4.94,-4.13,0.4257272943553792,0.2790035596683761
2023-11-20,-3.17,3.33,-6.38,0.4301058637063223,-0.6471782912627557
2023-11-21,1.07,3.17,0.34,0.4346176654966515,-1.5568691195893167
2023-11-22,2.75,6.61,-0.13,0.4388409715478205,-0.6387410238836729
2023-11-23,-1.63,4.76,-6.11,0.443348661477252,-0.6287697078902115
2023-11-24,-1.72,2.23,-6.63,0.4477983182757444,-1.3225431937429724
2023-11-27,-1.13,2.32,-5.97,0.4523476942656357,1.2117051172106172
2023-11-28,-0.97,1.44,-4.68,0.4568662965238073,-1.1461276030894234
2023-11-29,-2.65,3.76,-5.2,0.4613351738716983,0.1900287400344122
2023-11-30,0.48,5.39,-0.07,0.4657047532956086,0.1792903997337614
2023-12-01,-0.29,1.23,-5.1,0.4700791663153628,-1.522736537919391
2023-12-04,1.39,4.64,-4.15,0.4744864651139026,-1.0049951305665843
2023-12-05,-2.02,1.38,-2.82,0.4790289215125944,0.223010785243554
2023-12-06,-0.16,2.89,-2.44,0.4836517558826964,-1.005378642720179
2023-12-07,0.18,3.84,-3.04,0.4881461072511999,0.4324084211062447
2023-12-08,-2.02,4.69,-3.1,0.4925583840582077,-0.925991626926082
2023-12-11,1.28,2.6,0.41,0.4969799652373049,-0.5804471765372828
2023-12-12,3.1,5.65,-3.6,0.5014056554935947,0.8795835921976317
2023-12-13,1.71,2.93,-2.31,0.5059634282845116,1.3087336920700692
2023-12-14,2.06,4.13,-0.41,0.5103873703357323,-0.0143832378315476
2023-12-15,-0.37,5.12,-1.16,0.5148483619906737,-0.489171283981751
2023-12-18,3.05,7.74,0.16,0.519433342412576,-1.4974247357821426
2023-12-19,0.86,5.62,-1.94,0.5238475606663483,-1.6420088176873338
2023-12-20,1.49,1.7,-0.01,0.5283621977759249,1.1288664920341682
2023-12-21,-1.68,3.79,-4.84,0.5329074992674296,-1.1944501344423522
2023-12-22,-1.53,3.25,-4.72,0.5373780572946927,1.2864899871615785
2023-12-25,-0.56,4.17,-0.91,0.5420174486193637,-0.951686941216925
2023-12-26,1.5,4.32,-1.57,0.5466310628158818,0.3338457976324141
2023-12-27,7.49,8.31,-2.76,0.5511194496161754,0.7534080936649848
2023-12-28,-2.69,2.16,-5.73,0.5555125632890696,-1.3282958760468924
2023-12-29,-3.19,5.4,-7.32,0.5599098970220423,-0.330397252393557
2024-01-01,-1.68,3.8,-4.89,0.5643937782193494,-1.708356420259212
2024-01-02,1.28,2.77,-4.43,0.5687613336233454,-0.2897449641125218
2024-01-03,-1.19,3.38,-5.06,0.5732502423588687,-0.3917591969687045
2024-01-04,-4.26,5.45,-5.43,0.5778658784663528,0.8105514045505908
2024-01-05,0.53,1.74,-1.86,0.5823363511957158,1.6040380503379663
2024-01-08,0.44,1.31,-0.61,0.5867995519951857,1.07402425407013
2024-01-09,-1.09,5.17,-2.47,0.591340633101551,1.3766153432563262
2024-01-10,3.28,4.73,-2.04,0.5958523925866003,0.1022044568612325
2024-01-11,1.86,2.17,-4.08,0.6002147436902598,1.1925295095308837
2024-01-12,0.3,0.93,-4.18,0.6046389850494124,0.9582035836845394
2024-01-15,-0.56,3.1,-4.89,0.6092730039045597,-0.5516837650176825
2024-01-16,3.11,4.03,-2.98,0.6137669582569738,1.260027648563546
2024-01-17,4.74,6.99,-2.9,0.6181419787154282,0.3545554539265264
2024-01-18,1.19,5.44,-2.81,0.6225897400931597,-1.4989587843965213
2024-01-19,-0.81,1.13,-3.1,0.6268954516671947,1.6554286789196524
2024-01-22,-1.02,5.3,-5.25,0.6311944717271207,0.1919463008023856
2024-01-23,3.37,3.91,-1.21,0.6357470792372384,1.5699054686680405
2024-01-24,-0.54,0.77,-1.34,0.640211572721635,-1.243923202256065
2024-01-25,0.65,0.82,-1.21,0.6447228001097278,-0.8051852985437604
2024-01-26,0.53,3.03,-0.24,0.6492910895445975,1.0345225022498792
2024-01-29,-0.1,4.32,-1.37,0.6537862966271168,-1.136156287095962
2024-01-30,1.78,4.9,-0.27,0.6583166538642768,-1.1300200926384472
2024-01-31,3.77,5.63,-4.26,0.6628045238104682,0.5397918241127527
2024-02-01,1.44,4.34,-3.92,0.6673842891962528,1.2960777910014452
2024-02-02,1.33,5.87,-1.58,0.6720075470360978,-0.3798703202072696
2024-02-05,0.05,3.61,-1.0,0.6764902610656607,0.0623191928873866
2024-02-06,2.22,6.57,-3.9,0.6809692304142607,-0.8933930938705349
2024-02-07,1.44,5.33,-2.17,0.6854627128117414,0.3219569208709793
2024-02-08,-1.56,0.94,-1.81,0.6899181824210913,-0.2736374536615456
2024-02-09,1.06,3.97,-1.51,0.6943473310274467,0.1842760577304922
2024-02-12,-1.51,4.68,-3.79,0.6989058379878152,0.6065229388382256
2024-02-13,3.99,7.55,-0.81,0.7033351072162868,0.5282864595049126
2024-02-14,-0.56,1.01,-4.92,0.7077592261835467,0.0028748090802125
2024-02-15,-0.95,0.95,-3.11,0.7123043415159372,1.254274966259626
2024-02-16,1.51,5.65,-0.93,0.7168563095065246,-1.3049016346776174
2024-02-19,-1.74,1.9,-2.55,0.7215295763063676,-1.2193784244260055
2024-02-20,1.13,3.38,-1.81,0.7261033824680615,0.8320280851518925
2024-02-21,-3.98,3.86,-4.7,0.7306421270544728,1.036056550864258
2024-02-22,-0.37,5.19,-3.35,0.7351937588063264,1.4030776818543584
2024-02-23,3.46,4.09,-1.53,0.7396454459122751,-0.7480419876581543
2024-02-26,0.14,3.48,-1.5,0.7441605433045124,-0.4676946033804494
2024-02-27,0.63,4.22,-1.28,0.7486798758168389,-1.578729312344213
2024-02-28,1.34,1.86,-3.6,0.7530963627420157,-1.3938764543115814
2024-02-29,1.55,3.06,-1.22,0.7575568849066635,-0.5551353744000346
2024-03-01,6.68,7.32,0.55,0.7621068243014141,-1.2090235962789495
2024-03-04,1.69,3.65,-0.61,0.7665700642573281,1.5737405902039874
2024-03-05,0.77,2.58,-3.48,0.7710895690803868,-0.4696121641484228
2024-03-06,-0.69,1.84,-1.52,0.7756345439676469,0.2517741967631544
2024-03-07,2.43,6.27,-0.82,0.7801753527452863,1.0080601636518467
2024-03-08,-1.32,3.82,-2.47,0.7847947889014241,-0.4765153829131269
2024-03-11,3.0,3.53,-1.74,0.7892077745045,0.4558026624755197
2024-03-12,0.91,5.79,-1.35,0.7938193406892204,0.7027844893904882
2024-03-13,2.75,5.13,-2.09,0.7983265853395615,1.7167906234947998
2024-03-14,-3.43,4.16,-3.46,0.802865956836895,0.3779496952958013
2024-03-15,0.35,2.64,-1.48,0.8073930859260284,-1.5269551716089322
2024-03-18,-0.09,2.28,-2.1,0.8119156967191535,0.6069064509918203
2024-03-19,1.63,5.44,-0.8,0.8163236736487262,-0.5888844439163656
2024-03-20,-1.37,3.91,-1.56,0.820859762343516,1.3317444212857494
2024-03-21,-1.29,2.78,-3.14,0.8251961705777463,0.5279029473513179
2024-03-22,-1.24,2.12,-2.81,0.8298481661390104,1.288024035775957
2024-03-25,-0.83,1.23,-4.92,0.8343471546010491,0.6126591332957404
2024-03-26,-0.16,1.15,-1.79,0.8389156302893734,-1.666170083363798
2024-03-27,0.35,2.03,-0.91,0.8434414079124722,-0.1712397086517683
2024-03-28,-1.04,2.94,-4.56,0.8479095676702197,0.8515872049852208
2024-03-29,0.95,3.66,-0.7,0.852326172688382,-0.1405587363641946
2024-04-01,1.02,1.88,-2.31,0.8567258479341915,0.7925263333316414
2024-04-02,2.77,4.64,0.48,0.8612603364877727,1.5020238174817837
2024-04-03,0.97,2.83,-1.82,0.8657901481197898,0.0439106095148424
2024-04-04,0.96,3.85,-3.23,0.8703049091669179,-1.502793905932468
2024-04-05,0.81,3.4,0.16,0.8747592856926635,0.3530214053121477
2024-04-08,0.12,5.61,-0.93,0.8792610795687512,1.094350398210648
2024-04-09,5.41,8.94,-3.04,0.8836882124618092,-0.4469849470863372
2024-04-10,0.63,2.92,-4.11,0.8880923092513622,-0.1992360958641793
2024-04-11,0.9,5.58,-1.9,0.892532437539292,-0.86999885250126
2024-04-12,-0.12,1.77,-1.11,0.8969764944362408,-0.8086369079261124
2024-04-15,-0.74,5.86,-3.64,0.9015721373866942,0.9566695350701608
2024-04-16,0.75,4.86,-2.01,0.9059151359250692,-0.6897481403117642
2024-04-17,1.83,4.1,-2.2,0.9103770791306072,-0.6418091211124304
2024-04-18,-0.09,3.65,-1.0,0.9148984391016598,-0.8531243177430944
2024-04-19,-0.81,2.97,-3.76,0.9195406358709096,0.7296303401421151
2024-04-22,1.99,5.41,-0.77,0.9239512860918104,0.1608818163612172
2024-04-23,0.75,4.7,-2.54,0.9283165298280838,-0.5064293308935113
2024-04-24,-0.38,4.72,-2.26,0.9328459848529524,0.4512005166323836
2024-04-25,0.0,3.63,-1.2,0.9373255991147044,-1.1610845770796157
2024-04-26,-1.36,5.54,-3.63,0.941770775114183,-0.8274290034522513
2024-04-29,2.0,6.78,-0.95,0.9462747471416691,1.0038415299623054
2024-04-30,0.18,2.43,-4.57,0.9508166007763664,-1.0398947365436997
2024-05-01,-3.75,5.09,-5.26,0.9553473096602548,0.6199458642140391
2024-05-02,1.98,6.33,-0.01,0.9598391459993256,0.2705662922892933
2024-05-03,3.54,5.85,-0.7,0.964421626699524,-1.2696185165469076
2024-05-06,1.38,6.17,-0.11,0.9689041464656863,0.0883980193318243
2024-05-07,2.89,5.43,-1.06,0.9733728898631476,0.8094008680898068
2024-05-08,-0.72,2.05,-1.46,0.9779015316563764,-1.5699085328115354
2024-05-09,0.69,5.24,-4.03,0.9822538618586408,-0.7860096908640268
2024-05-10,-0.1,4.84,-2.83,0.9867737402806526,-1.1791096482985652
2024-05-13,2.61,5.0,-0.25,0.9912115562750664,-1.6707722292069342
2024-05-14,1.87,3.39,-3.18,0.9955576842261692,-0.1850461461811765
2024-05-15,0.11,4.6,-4.61,1.0000605450834796,0.5482290914918355
2024-05-16,3.1,3.41,-0.28,1.0044845151260504,-0.2237808736942383
2024-05-17,2.06,2.98,-3.94,1.008805237935584,1.3754648067955422
2024-05-20,-0.29,3.76,-0.38,1.013192339800833,-1.4391308884357523
2024-05-21,1.45,2.69,-0.09,1.0178081148355629,0.9815978250538144
2024-05-22,-0.24,5.9,-1.51,1.0222232959186932,1.2408520408838124
2024-05-23,1.94,6.45,-0.1,1.026717029097892,-0.3104546204066341
2024-05-24,1.95,6.53,0.77,1.0310851115361728,-1.2803568568475585
2024-05-27,2.25,6.74,0.99,1.0357376127501905,-0.1720067329589576
2024-05-28,1.12,1.43,0.76,1.0402086971734106,1.5610846891353631
2024-05-29,1.7,4.69,-3.66,1.0446125054323283,-0.2828417453478177
2024-05-30,-0.97,3.15,-1.57,1.0491564352522498,-0.6272356592758328
2024-05-31,5.17,6.2,0.92,1.0538044064570118,-0.86999885250126
2024-06-03,-0.5,4.32,-2.6,1.0582328425672298,-1.345170410805058
2024-06-04,-0.26,2.3,-2.84,1.0626348656742812,-1.579879848804997
2024-06-05,1.63,3.32,-2.87,1.0673047113961251,-0.7085402358379032
2024-06-06,1.27,4.53,0.1,1.0717586493047404,-0.4945404541320765
2024-06-07,-2.16,3.9,-6.56,1.0762024140122712,0.1796739118873561
2024-06-10,2.44,4.13,-2.36,1.0804758182574992,-1.0951204866613322
2024-06-11,5.67,8.54,-2.96,1.0849377049522144,-1.0444968823868357
2024-06-12,-0.45,5.81,-1.7,1.089281514691067,1.2803537927040636
2024-06-13,3.2,5.14,0.45,1.0936963923714915,0.245254490152045
2024-06-14,2.27,2.33,-1.32,1.0979814123493488,0.5931000134624121
2024-06-17,-2.24,5.7,-7.18,1.10255660125659,1.515830255011192
2024-06-18,-2.97,3.15,-6.77,1.1068905288558402,0.9570530472237554
2024-06-19,0.42,4.61,-2.57,1.1111821167795115,-1.344019874344274
2024-06-20,-2.77,6.02,-4.07,1.1155659077261513,-0.0619387448772869
2024-06-21,1.7,3.28,-1.37,1.120142184993073,0.553598261642161
2024-06-24,1.2,2.06,-2.58,1.1245673408582844,-0.8308806128346035
2024-06-25,1.98,2.7,0.23,1.1290044389083684,-1.4161201592200725
2024-06-26,-1.65,3.88,-2.14,1.1335120561606506,-0.7867767151712162
2024-06-27,-0.64,2.83,-3.1,1.1379634062068775,1.6366365833935137
2024-06-28,3.79,6.57,-1.62,1.1425388460701904,0.8377807674558125
2024-07-01,1.95,3.46,-2.75,1.146982340404901,1.1518772212498485
2024-07-02,1.52,3.02,0.55,1.1514272976101878,-1.1952171587495417
2024-07-03,2.29,5.22,-2.05,1.156094378010661,-0.199619608017774
2024-07-04,-0.41,3.7,-1.7,1.1605641969574183,1.6496759966157322
2024-07-05,1.48,3.15,0.23,1.16504967921625,-1.047181467461998
2024-07-08,3.17,5.8,0.2,1.1694957814448426,0.8404653525309752
2024-07-09,3.56,3.8,-1.79,1.1737438381069352,-1.510847661157956
2024-07-10,-0.68,1.39,-2.94,1.1782866763521038,1.209787556442644
2024-07-11,3.91,7.5,-0.59,1.182899851142232,1.5350058626909255
2024-07-12,-1.6,3.38,-2.24,1.1874768766225416,-0.2088238997040461
2024-07-15,0.36,5.88,-1.85,1.1918919339267493,-0.2000031201713687
2024-07-16,5.2,7.88,-2.78,1.1963413596879249,-0.2379708233772411
2024-07-17,0.97,4.33,-1.08,1.200837434153568,1.3693286123380273
2024-07-18,0.92,4.05,-3.01,1.2053303607016528,0.3265590667141154
2024-07-19,5.16,9.59,-1.32,1.2098560626357684,1.4264719232236334
2024-07-22,-1.49,1.71,-6.02,1.2143390883742655,-1.082464585592708
2024-07-23,-0.14,2.59,-1.32,1.2187717153665725,0.6540784458839649
2024-07-24,1.02,3.14,0.36,1.2232488371106875,-0.019752407981873
2024-07-25,5.55,7.98,0.99,1.2278029192867508,1.0575332314655594
2024-07-26,-0.01,3.98,-2.55,1.2325282294956887,-1.319475096514215
2024-07-29,-0.55,2.2,-4.67,1.2369485679083867,-0.9064325070927536
2024-07-30,3.79,3.9,-3.41,1.241433660285685,1.686109651207226
2024-07-31,1.34,3.23,-3.5,1.2458661128458004,-0.1769923909556884
2024-08-01,3.21,3.61,-2.06,1.2503584693400729,1.176038486926313
2024-08-02,-0.39,2.34,-0.65,1.2549104858237063,-1.018418055942398
2024-08-05,1.67,4.68,-2.92,1.2593567936152346,-0.3626122732955094
2024-08-06,1.4,3.94,-2.9,1.2636389801094643,0.8400818403773805
2024-08-07,4.62,6.09,-0.73,1.2681957223324811,1.4475650916713405
2024-08-08,1.55,3.44,-3.14,1.272672261274039,1.5235004980830853
2024-08-09,-1.21,1.94,-1.88,1.2771066113422267,-0.3484223236125066
2024-08-12,1.15,4.44,0.97,1.2815210251731126,-0.4937734298248871
2024-08-13,0.94,6.03,-0.45,1.286013707890498,0.1815914726553295
2024-08-14,-0.16,1.29,-3.21,1.290416460712207,-0.0784297674818578
2024-08-15,3.46,7.22,1.23,1.294829649419886,-1.582180921726565
2024-08-16,2.25,6.02,-1.22,1.299183043247692,0.2107383963285245
2024-08-19,0.26,4.19,-0.76,1.303587002479004,-0.6540815100274598
2024-08-20,2.11,4.05,0.83,1.3081082300549207,-1.492439077785412
2024-08-21,1.01,6.07,-2.48,1.3124497873249144,-1.486302883327897
2024-08-22,-1.06,2.56,-4.56,1.3170175572634129,1.4901349407203488
2024-08-23,2.61,3.05,-3.56,1.321377172060619,-1.5825644338801597
2024-08-26,0.64,1.8,-3.64,1.3258554538022036,0.3660608185343665
2024-08-27,-0.75,6.04,-1.7,1.3303636514858317,-1.551883461592586
2024-08-28,2.02,6.38,0.15,1.3349021830390602,1.522733473775896
2024-08-29,-0.1,4.89,-0.21,1.3394407369145098,-1.3854391869324985
2024-08-30,2.04,2.7,-0.11,1.343898126291233,1.6519770695373004
2024-09-02,3.32,5.12,-3.58,1.3483476998925794,0.4926198292206081
2024-09-03,0.56,2.39,-1.54,1.3528658619242395,-1.5672239477363727
2024-09-04,2.18,3.99,-1.2,1.357355581961198,-0.2782395995046817
2024-09-05,-0.35,2.84,-1.15,1.3617895936444833,-0.041996112890364
2024-09-06,0.16,4.1,-2.44,1.3662876134934403,0.0159142223024313
2024-09-09,0.03,4.16,-2.87,1.3707375821295238,1.2347158464262975
2024-09-10,-0.64,5.92,-3.36,1.3751488484000287,0.0377744150573276
2024-09-11,-2.05,2.84,-2.19,1.379579956197642,1.5054754268641355
2024-09-12,2.44,4.9,-3.01,1.384088285151283,-0.902597385556807
2024-09-13,2.11,2.74,-0.14,1.388470301712062,1.4767120153445354
2024-09-16,1.73,3.21,-1.04,1.393033987912282,-0.1098777640766208
2024-09-17,3.86,6.75,-2.43,1.3974491173707604,-0.1992360958641793
2024-09-18,-0.43,2.47,-3.45,1.4017122066399594,-1.4636756662658117
2024-09-19,-0.18,4.7,-4.27,1.4062264402790547,-0.6318378051189689
2024-09-20,3.33,4.04,1.33,1.410450098453608,0.0362403664429489
2024-09-23,-0.7,2.07,-1.92,1.4148246290457596,0.7254117064525738
2024-09-24,4.22,6.09,-0.71,1.4195058420052211,1.2059524349066972
2024-09-25,1.0,1.66,0.87,1.4240653899129392,0.6951142463185948
2024-09-26,5.48,9.83,-1.88,1.4286175602674736,0.2674981950605359
2024-09-27,0.63,5.46,-0.78,1.432982544899163,1.4855327948772128
2024-09-30,0.1,5.1,-4.04,1.4374307719909083,0.9689419239851902
2024-10-01,2.04,4.12,1.05,1.4420065218187472,-0.4991425999752125
2024-10-02,3.86,4.19,-0.03,1.4465285328775563,0.4090141797369697
2024-10-03,2.35,7.28,1.39,1.4510948552622387,0.0040253455409965
2024-10-04,1.77,2.85,-3.11,1.4557188353245518,0.1597312799004332
2024-10-07,0.66,3.17,0.28,1.4602426745159978,-1.6469944756840644
2024-10-08,5.89,9.16,-2.13,1.464597669878927,0.066537826576928
2024-10-09,3.91,5.83,-1.68,1.4691159968924916,-0.958590159981629
2024-10-10,1.23,4.56,-1.66,1.473559857289008,0.0235844653743248
2024-10-11,-2.34,4.28,-5.21,1.4779094790685816,1.276518671168117
2024-10-14,0.97,4.8,-3.61,1.482454253954092,-1.400012648769096
2024-10-15,3.41,4.22,-2.61,1.4870264892766696,-0.3683649555994295
2024-10-16,0.31,3.02,-2.19,1.4914829970427543,1.3532211018870512
2024-10-17,1.16,3.82,0.37,1.4959765076709062,0.5482290914918355
2024-10-18,3.6,6.28,-2.97,1.5002563155725464,-1.248141835945606
2024-10-21,-1.96,1.96,-4.44,1.504821558896526,0.4964549507565549
2024-10-22,3.51,3.78,1.21,1.5093572882282191,-0.6272356592758328
2024-10-23,2.56,3.27,-0.04,1.513844525482133,1.0997195683609733
2024-10-24,1.61,5.07,0.52,1.5181975772152487,-0.6698055083248413
2024-10-25,3.24,3.72,-3.46,1.522515630898242,-0.0228205052106304
2024-10-28,1.97,3.92,-3.11,1.5271614925323815,-0.1854296583347711
2024-10-29,6.34,9.37,1.31,1.5315371258237047,-1.070575708831273
2024-10-30,2.8,7.21,0.85,1.5360140009747956,-0.7794899842529174
2024-10-31,-0.53,4.14,-0.75,1.5403923916209,-1.3854391869324985
2024-11-01,0.88,6.42,-1.96,1.544652889777546,0.948232267691078
2024-11-04,-2.19,3.8,-5.36,1.5491577886369314,0.6153437183709031
2024-11-05,1.06,1.76,0.83,1.5536766048885575,1.5154467428575973
2024-11-06,2.2,6.77,-3.12,1.5579924776874206,0.3165877507206539
2024-11-07,2.97,6.94,0.59,1.5625563379762182,1.4418124093674205
2024-11-08,0.3,5.33,-0.07,1.5669742063658585,-0.1651035141942536
2024-11-11,2.59,3.19,-1.86,1.5713424261585276,-0.3921427091222991
2024-11-12,2.02,4.17,0.84,1.5757047888224347,-0.4799669922954789
2024-11-13,4.24,4.38,0.73,1.5802474802488156,-1.239321056412929
2024-11-14,1.88,4.41,-1.53,1.5845405873587315,-1.270385540854097
2024-11-15,2.81,5.07,-2.65,1.5888945568549182,-0.3794868080536749
2024-11-18,1.41,3.48,-3.05,1.5933979905723676,-0.9904216687299868
2024-11-19,0.98,6.33,0.46,1.5978895546313197,-0.8822712414162894
2024-11-20,-2.58,6.54,-4.98,1.6022631866554409,0.5658706505571904
2024-11-21,5.4,5.59,-0.45,1.6068429469181007,-0.6747911663215721
2024-11-22,1.27,4.62,-2.74,1.6112084452618676,-0.972780109664632
2024-11-25,-1.33,4.39,-3.8,1.6156547152237033,0.5493796279526195
2024-11-26,-2.96,5.08,-6.11,1.620089163800109,1.2297301884295668
2024-11-27,0.69,6.1,0.05,1.624523957428766,-0.3004833044131726
2024-11-28,-2.03,3.82,-2.12,1.6289714076102513,-0.6345223901941316
2024-11-29,1.02,3.61,-1.74,1.633416190661504,1.5089270362464875
2024-12-02,1.38,3.52,0.67,1.6378598739504635,-1.048332003922782
2024-12-03,2.67,4.59,-1.11,1.642308521040253,-1.5150662948474976
2024-12-04,0.82,2.43,-0.36,1.6468703338992263,0.7303973644493045
2024-12-05,0.27,5.21,-3.82,1.6513144726568718,1.474794454576562
2024-12-06,0.15,4.48,-2.47,1.6558411547484442,0.0024912969266178
2024-12-09,1.11,4.4,-1.85,1.660319328151811,-1.679209496586017
2024-12-10,-0.22,2.22,-0.93,1.6648169245440094,-0.2901284762661165
2024-12-11,-0.29,5.77,-4.88,1.6693512831442991,-0.6717230690928148
2024-12-12,2.71,4.45,1.25,1.6737143520953233,-0.7419057932006397
2024-12-13,6.11,9.45,-2.81,1.6782352703584809,-0.7369201352039089
2024-12-16,-0.36,4.69,-3.58,1.682681218248976,0.9075799794100428
2024-12-17,4.47,8.91,0.3,1.6870602952686382,-1.3543747024913302
2024-12-18,-0.48,5.94,-4.37,1.6915944635568116,0.1750717660442201
2024-12-19,1.97,5.76,-0.41,1.6960213694027293,-0.930593772769218
2024-12-20,2.33,6.53,-2.32,1.7005199716707513,-1.643926378455307
2024-12-23,2.73,2.87,0.9,1.7047426486218211,1.7079698439621225
2024-12-24,1.63,2.51,1.25,1.709272379047905,1.0832285457564024
2024-12-25,3.98,8.31,-2.93,1.713968561520845,-0.5831317616124456
2024-12-26,2.54,4.14,-0.93,1.7184327698643622,1.416884119383767
2024-12-27,2.95,7.0,-3.03,1.7228741277637738,-0.5969381991418538
2024-12-30,-0.18,6.56,-3.61,1.7272978282594498,-0.4757483586059375
2024-12-31,3.62,8.3,0.27,1.731812334604777,-0.2356697504556731
